store_id,store_name,city,m2,max_capacity
SRCL,Sara Colon,Valencia,585,290
SRGV,Sara Gran Via,Valencia,585,290
SRAQ,Sara Aqua,Valencia,585,290
SRBN,Sara Bonaire,Valencia,585,290
SRSL,Sara Saler,Valencia,585,290
